country,year,life_expectancy ,alcohol,polio,expenditure,hiv,gdp,schooling
Afghanistan,2011,59.2,0.01,68,7.87,0.1,630.537231,9.5
Afghanistan,2010,58.8,0.01,66,9.2,0.1,553.32894,9.2
Afghanistan,2014,59.9,0.01,58,8.18,0.1,612.696514,10
Afghanistan,2013,59.9,0.01,62,8.13,0.1,631.744976,9.9
Afghanistan,2012,59.5,0.01,67,8.52,0.1,669.959,9.8
Albania,2010,76.2,5.28,99,5.34,0.1,4494.358832,12.5
Albania,2012,76.9,5.14,99,5.59,0.1,4247.61438,14.2
Albania,2013,77.2,4.76,99,5.66,0.1,4414.72314,14.2
Albania,2011,76.6,5.37,99,5.71,0.1,4437.17868,13.3
Albania,2014,77.5,4.51,98,5.88,0.1,4575.763787,14.2
Algeria,2014,75.4,0.01,95,7.21,0.1,4547.8517,14.4
Algeria,2010,74.7,0.45,95,5.12,0.1,4463.394675,13.6
Algeria,2011,74.9,0.56,95,5.29,0.1,5432.2523,14
Algeria,2013,75.3,0.53,95,7.12,0.1,5471.866766,14.4
Algeria,2012,75.1,0.66,95,6.14,0.1,5564.82566,14.4
Angola,2014,51.7,8.33,68,3.31,2,4479.31224,11.4
Angola,2013,51.1,8.1,67,4.26,2.3,4484.616884,11.4
Angola,2010,49.6,7.8,81,3.39,2.5,3529.53482,9
Angola,2011,51,8.06,73,3.38,2.5,4299.12889,9.4
Angola,2012,56,8.24,75,3.3,2.6,4598.249988,10.3
Antigua and Barbuda,2011,75.7,7.84,99,5.65,0.1,11929.34991,14.1
Antigua and Barbuda,2010,75.6,7.84,99,5.63,0.1,12126.87614,14.1
Antigua and Barbuda,2013,76.1,8.58,98,5.33,0.2,12224.86416,13.9
Antigua and Barbuda,2012,75.9,8.18,97,5.39,0.2,12565.44197,13.8
Antigua and Barbuda,2014,76.2,8.56,96,5.54,0.2,12888.29667,13.9
Argentina,2010,75.5,8.15,95,6.55,0.1,12276.265,16.8
Argentina,2014,76.2,7.93,92,4.79,0.1,12245.25645,17.3
Argentina,2011,75.7,8.11,93,5.89,0.1,12726.9836,17.1
Argentina,2012,75.9,8.35,99,5.2,0.1,12969.7712,17.2
Argentina,2013,76,8.28,99,4.99,0.1,12976.63642,17.3
Armenia,2010,73.5,4.23,96,4.56,0.1,3218.381655,12.3
Armenia,2011,73.9,4.09,96,3.71,0.1,3526.978143,12.7
Armenia,2012,74.4,3.89,96,4.48,0.1,3684.8481,12.7
Armenia,2013,74.4,3.79,96,4.55,0.1,3843.591213,12.7
Armenia,2014,74.6,3.91,95,4.48,0.1,3994.712355,12.7
Australia,2010,81.9,10.52,92,9.2,0.1,51874.848,19.5
Australia,2014,82.7,9.71,92,9.42,0.1,62214.6912,20.4
Australia,2011,82,10.3,92,9.2,0.1,62245.129,19.8
Australia,2012,82.3,10.03,92,9.36,0.1,67677.63477,20.1
Australia,2013,82.5,9.87,91,9.36,0.1,67792.3386,20.3
Austria,2013,81.1,11.82,95,11.14,0.1,51154.71532,15.7
Austria,2010,84,12.1,86,11.17,0.1,446657.629,15.4
Austria,2012,88,12.26,92,11.17,0.1,48333.57273,15.7
Austria,2011,88,12.04,89,11.94,0.1,51126.74139,15.7
Austria,2014,81.4,12.32,98,11.21,0.1,51322.63997,15.9
Azerbaijan,2010,71.1,1.98,85,5.33,0.1,5842.85784,11.7
Azerbaijan,2011,71.6,1.98,91,5.1,0.1,7189.691229,11.7
Azerbaijan,2012,71.9,0.01,92,5.37,0.1,7496.335728,11.8
Azerbaijan,2013,72.2,2.14,96,5.54,0.1,7875.756953,11.9
Azerbaijan,2014,72.5,0.01,97,6.4,0.1,7891.299776,12.2
Bahrain,2013,76.7,1.65,99,4.69,0.1,2251.18329,14.5
Bahrain,2011,76.1,1.66,99,3.4,0.1,2281.1242,14.4
Bahrain,2010,76.1,1.93,99,3.64,0.1,2722.1389,14.4
Bahrain,2012,76.5,1.7,99,4.37,0.1,23649.36661,14.5
Bahrain,2014,76.8,1.57,98,4.98,0.1,24983.3792,14.5
Bangladesh,2014,71.4,0.01,97,2.82,0.1,1084.56543,10
Bangladesh,2010,69.9,0.01,94,3.6,0.1,757.6717572,8.9
Bangladesh,2011,73,0.01,96,3.16,0.1,835.789341,9.4
Bangladesh,2012,77,0.01,94,3.8,0.1,856.342857,9.9
Bangladesh,2013,71,0.01,96,2.88,0.1,951.8894535,10
Barbados,2010,74.7,8.41,90,6.17,0.1,1595.91232,15.8
Barbados,2014,75.4,8.82,95,7.47,0.1,15359.66971,15.3
Barbados,2012,75.1,8.61,88,7.43,0.1,15384.8749,15.3
Barbados,2013,75.2,8.74,91,7.57,0.1,15472.7814,15.3
Barbados,2011,74.9,8.51,91,6.67,0.1,15534.1574,15.5
Belarus,2010,73,14.44,99,5.55,0.1,6003.38877,15.5
Belarus,2012,71.9,16.35,98,5.1,0.1,6094.243915,15.6
Belarus,2011,72,17.31,98,4.92,0.1,6519.71753,15.5
Belarus,2013,71.7,14.66,98,6.7,0.1,7978.825443,15.7
Belarus,2014,72,13.94,97,5.69,0.1,8318.429294,15.7
Belgium,2010,80,10.22,98,11.17,0.1,4438.23741,15.9
Belgium,2012,83,10.08,99,11.54,0.1,44704.5717,16.2
Belgium,2013,87,11.77,99,11.57,0.1,46501.38647,16.3
Belgium,2011,83,10.11,98,11.42,0.1,47720.77415,16.1
Belgium,2014,89,12.6,99,11.59,0.1,47439.39684,16.3
Belize,2010,69.5,6.76,96,5.85,0.2,4344.15177,12.4
Belize,2011,69.4,6.64,95,5.61,0.5,4516.24675,12.4
Belize,2012,69.4,6.66,98,5.45,0.1,4673.63848,12.5
Belize,2013,69.8,6.56,95,5.79,0.2,4688.538443,12.9
Belize,2014,70,6.58,95,5.79,0.2,4852.223666,12.8
Benin,2010,58.7,1.33,77,4.95,1.4,757.695974,9.5
Benin,2011,59.1,1.4,77,5.37,1.4,825.9427854,9.8
Benin,2012,59.3,0.01,78,4.86,1.3,837.9551,10
Benin,2013,59.5,0.01,73,4.59,1.2,915.2674586,10.3
Benin,2014,59.7,0.01,74,4.59,1.1,943.686575,10.7
Bhutan,2013,69.1,0.01,97,3.83,0.6,2305.882889,12.6
Bhutan,2010,67.9,0.28,92,5.17,0.5,2178.921383,11.4
Bhutan,2012,68.7,0.01,97,3.7,0.6,2422.816,12.3
Bhutan,2011,68.3,0.23,95,4.73,0.5,2458.45976,11.9
Bhutan,2014,69.4,0.01,98,3.57,0.5,2522.7968,12.5
Bosnia and Herzegovina,2011,76.9,4.64,89,9.71,0.1,5500.156834,13.4
Bosnia and Herzegovina,2013,77,4.12,87,9.46,0.1,5305.86555,14.2
Bosnia and Herzegovina,2010,76.4,4.54,90,9.58,0.1,4611.47298,13.3
Bosnia and Herzegovina,2012,76.8,4.61,87,9.94,0.1,4716.673325,13.9
Bosnia and Herzegovina,2014,77.2,4.03,86,9.57,0.1,5193.94932,14.2
Botswana,2013,64.2,0.01,96,5.84,2.8,7007.625783,12.6
Botswana,2012,63.4,0.01,96,6.27,4.4,7209.231453,12.5
Botswana,2010,61.1,5.99,96,5.64,6.2,6346.15624,12.3
Botswana,2014,65.1,0.01,96,5.41,2.3,7497.762376,12.6
Botswana,2011,62.2,5.76,96,5.25,5.5,7645.21469,12.4
Brazil,2014,74.8,7.32,96,8.32,0.1,12206.61731,15.2
Brazil,2010,73.8,7.52,99,8.27,0.1,11224.1548,13.8
Brazil,2013,74.7,7.24,96,8.48,0.1,12216.9446,14.2
Brazil,2012,74.5,7.55,96,8.26,0.1,12291.46685,14.2
Brazil,2011,74.1,7.58,98,8.9,0.1,13167.47289,14
Brunei Darussalam,2014,77.6,0.01,99,2.65,0.1,41509.8652,15
Brunei Darussalam,2011,77.4,0.97,99,2.25,0.1,47017.273,14.1
Brunei Darussalam,2010,76.9,0.88,99,2.73,0.1,35268.1117,14.2
Brunei Darussalam,2013,77.1,0.01,99,2.61,0.1,44597.27968,14.9
Brunei Darussalam,2012,78.3,0.01,99,2.3,0.1,47651.2599,14.4
Bulgaria,2010,73.4,10.8,94,7.24,0.1,6843.263289,13.9
Bulgaria,2012,73.9,10.99,95,7.11,0.1,7378.25539,14.3
Bulgaria,2013,74.1,12.06,95,7.93,0.1,7674.86559,14.4
Bulgaria,2011,73.7,10.67,95,6.88,0.1,7813.83499,14.2
Bulgaria,2014,74.3,12.03,88,8.44,0.1,7853.335191,14.8
Burkina Faso,2014,59.3,0.01,91,4.96,0.6,750.1464113,7.7
Burkina Faso,2010,57.5,4.55,90,7.17,1,575.4464527,6.3
Burkina Faso,2011,58.1,4.51,90,5.17,0.9,666.842783,6.7
Burkina Faso,2012,58.6,4.75,90,5.33,0.8,673.8227,7.2
Burkina Faso,2013,59,4.64,89,5.91,0.7,699.452847,7.5
Burundi,2011,57.4,4.16,95,8.58,1.5,260.479973,9.9
Burundi,2010,56.8,4.16,94,8.82,1.9,231.1943256,9.3
Burundi,2012,58,0.01,96,8.21,1.2,265.285651,10.3
Burundi,2013,58.6,0.01,96,8.3,1,282.7555252,10.5
Burundi,2014,59.1,0.01,95,7.54,0.7,312.7489794,10.6
Cabo Verde,2012,72.7,0.01,94,4.61,0.3,3408.482762,13.2
Cabo Verde,2011,72.6,5.07,98,4.6,0.3,3607.429453,13.1
Cabo Verde,2010,72.5,4.75,99,4.83,0.4,3312.825985,12.7
Cabo Verde,2014,73,0.01,95,4.76,0.2,3529.61843,13.5
Cabo Verde,2013,72.8,0.01,93,4.29,0.2,3558.796314,13.6
Cambodia,2012,67.4,0.01,84,6.24,0.3,950.244132,10.7
Cambodia,2013,67.8,0.01,66,5.93,0.2,1028.419568,10.8
Cambodia,2014,68.3,0.01,87,5.68,0.2,1098.687123,10.9
Cambodia,2010,66.6,2.2,88,5.95,0.5,785.6928841,10.6
Cambodia,2011,67,2.12,87,5.64,0.3,882.491462,10.7
Cameroon,2010,55.3,6.15,83,5.28,5.5,1182.869227,9.7
Cameroon,2012,55.9,0.01,85,4.34,4.6,1255.648189,10.4
Cameroon,2011,55.6,6.19,88,3.96,4.9,1295.649726,10
Cameroon,2013,56.4,0.01,88,4.29,4,1365.34419,10.4
Cameroon,2014,56.7,0.01,86,4.1,3.7,1441.1417,10.4
Canada,2014,82,8.1,91,11.45,0.1,54400.43376,15.9
Canada,2011,81.5,8.2,87,11.82,0.1,52802.2176,15.9
Canada,2010,81.2,8.4,88,11.2,0.1,47447.4762,15.9
Canada,2013,81.8,8.2,91,11.67,0.1,52413.72116,15.9
Canada,2012,81.6,8.3,99,11.78,0.1,52496.69487,15.9
Central African Republic,2013,49.9,0.01,23,3.82,5.1,337.4849614,7.1
Central African Republic,2014,58,0.01,47,4.2,4.5,377.132274,7.1
Central African Republic,2010,49.2,1.67,46,3.9,6.6,446.4434494,6.6
Central African Republic,2012,53,0.01,47,3.62,5.1,486.41114,7.1
Central African Republic,2011,49.8,1.66,47,3.73,5.8,494.336779,6.8
Chad,2014,52.6,0.01,44,3.62,2.9,1025.998515,7.3
Chad,2010,51.2,0.5,43,2.95,4.1,896.5697341,6.7
Chad,2012,51.8,0.62,51,3,3.6,973.472574,7.3
Chad,2013,52.2,0.64,46,3.42,3.1,986.13177,7.3
Chad,2011,51.6,0.56,44,3.17,3.9,989.2363633,6.7
Chile,2010,79.1,7.93,92,6.97,0.1,12806.17764,15.2
Chile,2011,79.8,7.26,93,7,0.1,14705.69242,15.4
Chile,2014,83,7.16,95,7.79,0.1,14817.37778,16.2
Chile,2012,79.9,6.76,90,7.24,0.1,15431.9293,15.5
Chile,2013,81,7.2,92,7.53,0.1,15941.39722,15.6
China,2010,75,5.75,99,4.89,0.1,4506.512487,12.5
China,2013,75.6,5.79,99,5.39,0.1,7707.77594,12.7
China,2011,75.2,5.63,99,5.3,0.1,5633.79616,12.8
China,2012,75.4,5.74,99,5.26,0.1,6337.882993,12.4
China,2014,75.8,5.78,99,5.55,0.1,7683.5238,13.1
Colombia,2013,74.4,4.41,91,6.84,0.1,8300.5863,13.3
Colombia,2010,73.6,4.28,88,6.76,0.1,6205.65544,12.8
Colombia,2011,74.2,4.37,85,6.64,0.1,7227.73968,13
Colombia,2012,74.3,4.44,91,6.93,0.1,7884.984429,13.2
Colombia,2014,74.6,4.38,89,7.2,0.1,7913.383432,13.6
Comoros,2010,61.8,0.15,82,5.82,0.1,769.1742883,10.5
Comoros,2012,62.5,0.01,85,7.11,0.8,788.632653,10.8
Comoros,2011,62.2,0.12,85,6.1,0.2,829.7586885,10.6
Comoros,2013,62.9,0.01,85,6.51,0.8,834.341949,10.9
Comoros,2014,63.2,0.01,87,6.75,0.8,852.954379,11.1
Costa Rica,2013,79.4,3.42,95,9.47,0.1,10569.66631,13.7
Costa Rica,2014,79.5,3.45,91,9.31,0.1,10647.44179,13.9
Costa Rica,2010,78.1,3.58,93,9.66,0.1,8199.414621,13.3
Costa Rica,2011,79,3.41,82,9.73,0.1,9186.59639,13.4
Costa Rica,2012,79.2,3.34,90,9.56,0.1,9985.36959,13.6
Croatia,2010,76.6,12.1,97,8.25,0.1,13055.74586,14.2
Croatia,2012,77.1,11.49,96,7.8,0.1,13235.97757,14.6
Croatia,2014,77.8,12.14,95,7.8,0.1,13467.46827,15.1
Croatia,2013,77.7,12.39,96,7.83,0.1,13574.749,14.9
Croatia,2011,77,12.19,96,7.8,0.1,14539.18421,14.5
Cuba,2014,79,4.37,99,11.6,0.1,6750.5199,14
Cuba,2013,78.7,4.18,99,9.48,0.1,6760.15344,14.7
Cuba,2010,78,4.13,99,11.19,0.1,5676.14143,17.6
Cuba,2012,78.7,4.16,98,8.59,0.1,6425.941119,15.7
Cyprus,2014,83,0.01,99,7.37,0.1,27340.88382,14
Cyprus,2013,81,9.04,99,7.46,0.1,27907.96736,13.8
Cyprus,2010,79.5,11.32,99,7.23,0.1,38180.46396,14.6
Cyprus,2012,80,10.55,99,7.44,0.1,28951.15556,13.8
Cyprus,2011,79.7,10.69,99,7.54,0.1,32233.83942,13.8
Denmark,2010,79.2,10.28,92,11.8,0.1,58041.41122,16.8
Denmark,2012,80,9.26,94,11.98,0.1,58057.521,18.4
Denmark,2013,81,9.5,94,11.25,0.1,61191.19263,18.7
Denmark,2011,79.7,10.47,91,11.87,0.1,61753.667,16.9
Denmark,2014,84,9.64,94,11.8,0.1,62425.5392,19.2
Djibouti,2011,61.8,0.39,87,8.71,2.7,1430.986898,5.9
Djibouti,2014,63,0.38,78,11.57,2.1,1704.91511,6.3
Djibouti,2010,61.3,0.44,88,8.84,3.1,1325.99724,5.5
Djibouti,2012,62.2,0.52,81,8.95,1.9,1536.15685,6.3
Djibouti,2013,62.7,0.53,82,9.14,2.1,1622.637974,6.3
Dominican Republic,2013,73.4,5.93,82,4.12,0.3,6207.55544,13.2
Dominican Republic,2010,72.7,6.02,85,4.6,0.9,5451.6696,12.9
Dominican Republic,2011,73.1,5.91,84,4.22,0.7,5759.643,13
Dominican Republic,2012,72.1,5.93,85,4.26,0.4,5968.876767,13.1
Dominican Republic,2014,73.6,5.92,89,4.38,0.3,6268.692122,13.2
Ecuador,2012,75.5,3.92,85,6.48,0.1,5720.14313,13.3
Ecuador,2013,76,3.77,87,7.29,0.1,6704.9829,13.4
Ecuador,2010,75,3.95,88,5.9,0.1,4657.32361,13.1
Ecuador,2011,75.3,3.99,85,5.92,0.1,5223.351763,13.2
Ecuador,2014,76,3.82,84,9.16,0.1,6432.216537,14
El Salvador,2010,72,2.36,89,6.91,0.3,3474.392445,12.9
El Salvador,2011,72,2.37,90,6.81,0.3,3736.58713,13
El Salvador,2012,73,2.48,93,6.7,0.3,3827.786267,13.2
El Salvador,2013,73,2.42,92,6.95,0.2,3895.664491,13.2
El Salvador,2014,73.3,2.52,93,6.77,0.2,3988.771871,13.2
Equatorial Guinea,2014,57.9,0.01,24,3.8,4.4,19200.59733,9.2
Equatorial Guinea,2013,57.4,10.72,39,3.73,5.7,22406.9938,9.2
Equatorial Guinea,2010,56.1,9.93,59,3.84,7.2,17136.44568,9.2
Equatorial Guinea,2011,56.2,10.99,39,3.29,7.7,21451.88617,9.2
Equatorial Guinea,2012,56.7,11.89,39,4,8.2,21557.6528,9.2
Eritrea,2010,62.1,0.61,90,3.24,0.9,482.14994,5.1
Eritrea,2011,62.9,0.62,96,3.6,0.7,582.775532,5
Estonia,2013,76.9,0.01,94,6.48,0.1,19209.7746,16.5
Estonia,2010,75.6,14.97,94,6.25,0.1,14638.6482,16.2
Estonia,2012,76.3,0.01,94,6.36,0.1,17421.8922,16.5
Estonia,2011,76.1,0.01,93,5.83,0.1,17454.84342,16.4
Estonia,2014,77.3,0.01,93,6.38,0.1,19941.45532,16.5
Ethiopia,2013,63.7,1.86,70,5.19,0.9,502.1535887,8.4
Ethiopia,2010,61.8,1.34,69,6.86,1.7,341.39992,8.1
Ethiopia,2011,62.6,1.32,70,6.55,1.4,354.8463544,8.2
Ethiopia,2012,63.3,1.84,70,5.77,1.2,468.567249,8.4
Ethiopia,2014,64.2,0.01,75,4.88,0.6,571.1622759,8.4
Fiji,2014,69.7,0.01,99,4.49,0.1,5460.3728,15.2
Fiji,2010,69.1,2.25,99,4.23,0.1,3651.966784,14.6
Fiji,2011,69.2,0.01,99,4.6,0.1,4353.121392,14.7
Fiji,2012,69.4,0.01,99,4.16,0.1,4546.73854,14.9
Fiji,2013,69.6,0.01,99,4.26,0.1,4763.68956,15
Finland,2011,83,9.81,99,9.1,0.1,50079.72415,16.9
Finland,2010,79.9,9.72,99,9.5,0.1,46202.41516,16.8
Finland,2012,84,9.24,99,9.3,0.1,47415.55987,17
Finland,2013,87,8.97,98,9.55,0.1,49638.7713,17
Finland,2014,89,8.8,98,9.68,0.1,49914.61864,17
France,2010,81.3,11.7,99,11.2,0.1,40073.34279,16
France,2011,81.7,11.8,99,11.33,0.1,40381.288,16.1
France,2012,81.5,11.5,99,11.44,0.1,40838.2444,16.1
France,2013,82,11.1,99,11.56,0.1,42554.1225,16.2
France,2014,82.2,11.5,98,11.54,0.1,42955.24287,16.2
Gabon,2011,62.8,8.9,75,3.12,6,10716.2258,12.5
Gabon,2010,62.3,8.85,68,3.41,7,8754.113376,12.5
Gabon,2013,64.6,8.86,77,3.98,3.7,9679.742995,12.5
Gabon,2014,65.5,0.01,68,3.44,2.8,9692.163874,12.6
Gabon,2012,63.5,8.3,78,3.13,4.9,9774.18117,12.5
Georgia,2011,73.9,8.14,88,9.38,0.1,3725.63221,13.3
Georgia,2012,74.2,7.71,93,8.57,0.1,4142.869175,13.4
Georgia,2013,74.5,5.91,94,7.25,0.1,4274.376857,13.5
Georgia,2014,74.5,6.13,91,7.42,0.1,4429.6575,13.5
Germany,2012,86,11.18,94,11.99,0.1,44065.24891,16.9
Germany,2013,86,10.94,94,11.16,0.1,46053.91143,16.9
Germany,2011,85,11.2,94,11.93,0.1,46801.32796,16.8
Germany,2014,89,11.03,94,11.3,0.1,47092.65288,17
Germany,2010,81,11.2,94,11.25,0.1,41785.55691,16.7
Ghana,2010,69,1.69,94,5.33,1.9,1312.67557,10.5
Ghana,2014,62.1,0.01,93,3.56,0.8,1432.227943,11.7
Ghana,2011,61.2,1.64,91,4.81,1.3,1574.978653,10.9
Ghana,2012,61.6,0.01,91,4.79,0.9,1629.8222,11.2
Ghana,2013,61.9,0.01,91,4.63,0.9,1814.492297,11.5
Greece,2014,88,7.53,99,8.8,0.1,21673.7817,17.2
Greece,2013,86,7.46,99,9.26,0.1,21874.8195,17.1
Greece,2012,84,8.2,99,9.24,0.1,22242.68193,16.8
Greece,2011,85,8.02,99,9.77,0.1,25916.29353,16.7
Greece,2010,83,9,99,9.18,0.1,26917.75898,16.4
Grenada,2011,72.9,7.84,95,6.35,0.1,7401.48438,15.8
Grenada,2010,72.6,7.91,94,6.41,0.1,7365.666659,15.8
Grenada,2012,73.1,8.07,98,6.36,0.1,7583.1872,15.8
Grenada,2013,73.3,8.25,98,6.15,0.1,7955.615985,15.8
Grenada,2014,73.5,8.42,81,6.1,0.1,8569.776998,15.8
Guatemala,2010,77,2.14,94,6.64,0.4,2825.5247,10.5
Guatemala,2011,71.1,2.16,88,6.28,0.4,3187.845296,10.5
Guatemala,2012,71.3,2.02,94,6.33,0.4,3299.65139,10.6
Guatemala,2013,71.4,1.93,84,6.3,0.4,3452.828934,10.7
Guatemala,2014,71.7,1.88,65,6.2,0.4,3687.763767,10.7
Guinea,2012,58.4,0.01,63,5.39,1.9,520.3485646,8.5
Guinea,2013,58.8,0.01,63,5.49,1,540.169324,8.5
Guinea,2010,57.8,0.2,62,4.55,2.2,438.7513346,8.3
Guinea,2011,58.1,0.22,63,4.73,2,459.2912,8.4
Guinea,2014,58.1,0.01,42,5.64,0.5,561.997387,8.6
Guinea-Bissau,2013,58.1,0.01,87,6.14,4.5,610.566347,9.1
Guinea-Bissau,2012,57.6,0.01,87,5.96,5.3,670.7518833,9.1
Guinea-Bissau,2010,56.7,3.21,82,6.7,5.9,543.957418,8.9
Guinea-Bissau,2014,58.4,0.01,87,5.59,3.4,642.6256154,9.2
Guinea-Bissau,2011,57.1,3.57,85,5.46,5.7,692.69989,9
Guyana,2014,66,7.64,97,5.25,0.3,4300.82321,10.3
Guyana,2010,65.9,7.52,95,6.6,0.4,3260.281212,10.2
Guyana,2011,65.6,7.56,93,6.8,0.4,3439.597513,10.3
Guyana,2012,65.8,7.57,97,6.57,0.3,3785.935665,10.6
Guyana,2013,65.9,7.56,98,5.1,0.3,3944.178173,10.3
Haiti,2013,62.7,5.68,67,8.1,0.5,810.265673,9.1
Haiti,2014,63.1,0.01,55,7.56,0.5,830.1148117,9.1
Haiti,2010,36.3,5.76,66,8.9,1.9,662.2795182,8.6
Haiti,2012,62.3,5.68,67,9.88,0.8,766.8437623,8.9
Honduras,2011,73.9,3.1,97,8.57,0.4,2120.584798,11.7
Honduras,2010,73.6,3.1,97,8.45,0.4,1932.85829,11.5
Honduras,2013,74.3,3.11,97,9.15,0.4,2136.77395,11.6
Honduras,2012,74.1,3.11,97,9.78,0.4,2178.38325,11.6
Honduras,2014,74.5,2.87,97,8.72,0.3,2242.711912,11.4
Hungary,2010,74.5,10.78,99,7.85,0.1,13205.53379,15.3
Hungary,2011,74.8,11.51,99,7.84,0.1,14408.87958,15.4
Hungary,2012,75,11.27,99,7.74,0.1,12834.32349,15.4
Hungary,2013,75.5,10.88,99,7.53,0.1,13613.6147,15.4
Hungary,2014,75.6,0.01,99,7.4,0.1,14117.97668,15.8
Iceland,2011,82.1,8.13,95,8.65,0.1,40600.217,18.6
Iceland,2013,82.4,7.31,91,8.75,0.1,47801.3888,19
Iceland,2010,81.8,8.25,96,8.86,0.1,41676.44527,18.4
Iceland,2012,82.5,7.81,89,8.68,0.1,44333.8518,18.7
Iceland,2014,82.5,7.45,90,8.86,0.1,52473.11356,19
India,2010,66.4,2.77,76,4.28,0.2,1345.77153,10.4
India,2012,67.3,3.1,79,4.39,0.2,1446.98541,11.3
India,2013,67.6,3.11,82,4.53,0.2,1452.195373,11.5
India,2011,66.8,3,79,4.33,0.2,1461.671957,10.8
India,2014,68,3.07,84,4.69,0.2,1573.11889,11.6
Indonesia,2013,68.7,0.09,86,2.93,0.3,3602.663981,12.9
Indonesia,2010,68.1,0.08,82,2.74,0.3,3113.48635,12.1
Indonesia,2014,68.9,0.09,80,2.85,0.3,3491.595887,12.9
Indonesia,2011,68.3,0.08,81,2.71,0.3,3634.27685,12.3
Indonesia,2012,68.5,0.08,84,2.9,0.3,3687.953996,12.6
Iraq,2010,76,0.19,74,3.82,0.1,4502.74948,10.4
Iraq,2014,67.9,0.01,67,5.54,0.1,6703.74737,10.1
Iraq,2011,77,0.17,80,3.32,0.1,5854.614497,10.4
Iraq,2012,76,0.01,70,5.26,0.1,6651.12242,10.5
Iraq,2013,69.5,0.01,70,5.92,0.1,6925.22446,10.3
Ireland,2013,81,10.49,96,8.1,0.1,52304.76736,18.6
Ireland,2014,81.2,10.75,96,7.78,0.1,55503.32623,18.6
Ireland,2010,86,11.88,94,8.76,0.1,48538.58776,18.2
Ireland,2012,85,11.49,95,8.32,0.1,49231.36254,18.5
Ireland,2011,84,11.72,95,8.15,0.1,52567.52568,18.5
Israel,2010,81.7,2.63,95,7.36,0.1,36601.994,15.7
Israel,2012,81.8,2.78,94,7.73,0.1,32569.59683,15.9
Israel,2011,81.8,2.67,94,7.39,0.1,33657.15727,15.8
Israel,2013,82.1,2.69,96,7.89,0.1,36393.66932,15.9
Israel,2014,82.2,2.62,95,7.81,0.1,37582.84624,16
Italy,2013,82.3,7.35,96,9.22,0.1,35037.27441,16.5
Italy,2012,82,7.49,96,9.28,0.1,34814.12436,16.6
Italy,2014,82.5,7.56,95,9.25,0.1,35396.66517,16.3
Italy,2010,81.8,6.95,96,9.42,0.1,35849.37364,16.4
Italy,2011,82,6.98,96,9.27,0.1,38334.68477,16.4
Jamaica,2013,75.6,3.79,86,5.91,0.6,5006.144952,12.8
Jamaica,2011,75.2,3.58,93,5.21,0.6,5013.549487,12.8
Jamaica,2012,75.3,3.65,96,5.66,0.5,5021.33363,12.8
Jamaica,2010,75,3.55,94,5.3,0.5,4682.728424,12.7
Jamaica,2014,75.8,3.83,93,5.36,0.5,4855.743789,12.8
Japan,2014,83.5,0.01,99,10.23,0.1,53896.21151,15.3
Japan,2013,83.5,7.55,99,10.25,0.1,44054.44746,15.3
Japan,2010,83,6.9,98,9.58,0.1,44570.67639,15.1
Japan,2012,83.3,7.39,99,10.17,0.1,48603.47665,15.3
Japan,2011,82.5,7.39,96,10.7,0.1,48167.99727,15.1
Jordan,2011,73.6,0.43,98,8.39,0.1,3807.324145,13.1
Jordan,2012,73.7,0.41,98,8,0.1,3807.753211,12.9
Jordan,2014,74,0.41,98,7.45,0.1,4066.94775,13.1
Jordan,2010,73.4,0.51,98,8.42,0.1,3679.19275,13.2
Jordan,2013,73.9,0.4,98,7.23,0.1,3992.86717,13.1
Kazakhstan,2010,67.8,6.83,98,4.42,0.1,9700.649972,14.5
Kazakhstan,2014,69.9,6.29,95,4.36,0.1,12086.56511,15
Kazakhstan,2013,69.5,6.48,98,4.3,0.1,13089.8561,15
Kazakhstan,2011,68.5,6.63,99,4.6,0.1,11634.42422,14.4
Kazakhstan,2012,69.1,6.82,98,4.32,0.1,12387.18982,14.7
Kenya,2010,63,1.73,90,3.97,4.3,967.34773,11.1
Kenya,2011,61.2,1.8,97,5.23,3.4,987.4453967,11.1
Kenya,2012,62.1,1.81,94,5.49,3,1155.2582,11.1
Kenya,2013,62.6,1.84,94,5.57,3,1229.114798,11.1
Kenya,2014,62.9,0.01,93,5.72,2.9,1335.6458,11.1
Kiribati,2010,65.3,0.48,95,1.52,0.1,1493.1651,11.9
Kiribati,2014,66.1,0.01,79,1.21,0.1,1684.54274,11.9
Kiribati,2011,65.5,0.53,95,1.42,0.1,1692.613277,11.9
Kiribati,2013,65.8,0.01,91,1.15,0.1,1724.361737,11.9
Kiribati,2012,65.7,0.01,92,1.37,0.1,1763.815497,11.9
Kuwait,2010,74,0.01,98,2.76,0.1,38497.61696,13.5
Kuwait,2014,74.6,0.01,94,3.4,0.1,42996.4812,13
Kuwait,2011,74.2,0.02,99,2.62,0.1,48268.5912,13.4
Kuwait,2013,74.5,0.01,99,2.56,0.1,48399.9581,13.1
Kuwait,2012,74.3,0.01,98,2.57,0.1,51264.7134,13.2
Latvia,2011,73.6,10.14,92,6.1,0.1,13702.68947,15.8
Latvia,2013,74.1,10.37,94,5.67,0.1,15302.22924,15.4
Latvia,2010,72.8,9.8,92,6.55,0.1,11326.21947,16
Latvia,2012,73.8,10.21,91,5.91,0.1,13822.8559,15.5
Latvia,2014,74.4,0.01,92,5.88,0.1,15725.1374,16
Lebanon,2013,74.9,1.29,75,6.63,0.1,8406.285153,13.3
Lebanon,2014,74.8,1.32,75,6.39,0.1,8161.4614,13.3
Lebanon,2011,75,1.57,75,7.12,0.1,8734.9653,13.2
Lebanon,2010,74.9,1.58,75,7.19,0.1,8763.826274,13.3
Lebanon,2012,75,1.53,75,6.99,0.1,8787.94668,13.3
Lesotho,2010,51.1,2.71,92,11.87,13.4,1173.26212,10.9
Lesotho,2014,52.1,0.01,90,11.62,9.4,1174.839214,10.8
Lesotho,2013,52.1,0.01,90,11.7,9.6,1196.1335,11.1
Lesotho,2012,52.2,0.01,93,11.14,9,1281.516,11
Lesotho,2011,52.3,2.39,95,11.79,10.5,1352.38433,11
Liberia,2010,59.7,3.64,71,11.87,1.8,327.42597,9.6
Liberia,2011,62,3.72,77,11.23,1.5,379.689583,9.5
Liberia,2012,67,0.01,80,10.19,1.2,415.361958,9.6
Liberia,2013,61.1,0.01,75,9.25,1.1,454.1222236,9.8
Liberia,2014,58.1,0.01,49,10.4,0.9,458.4651734,9.9
Libya,2011,71.3,0.01,98,4.77,0.1,1562.549434,14
Libya,2010,72.8,0.01,98,3.5,0.1,1212.56217,14.3
Lithuania,2010,72.4,12.9,95,7.9,0.1,11984.86857,16.8
Lithuania,2012,73,15.14,93,6.67,0.1,14341.836,16.5
Lithuania,2011,72.8,12.66,92,6.86,0.1,14357.73679,16.7
Lithuania,2013,73,15.04,93,6.59,0.1,15712.82376,16.4
Lithuania,2014,73.4,15.19,93,6.55,0.1,16554.97139,16.5
Luxembourg,2010,86,11.36,96,7.68,0.1,104965.361,13.7
Luxembourg,2012,81.1,11.34,99,7.18,0.1,116749.136,13.9
Luxembourg,2013,81.4,11.02,99,7.1,0.1,113751.85,13.9
Luxembourg,2011,88,11.5,96,7.34,0.1,115761.577,13.9
Luxembourg,2014,81.7,11.12,99,6.94,0.1,119172.7418,13.9
Madagascar,2010,63.3,1.03,70,4.86,0.5,412.739341,10.2
Madagascar,2012,64.3,0.87,71,3.46,0.4,443.9611,10.2
Madagascar,2014,65.1,0.01,73,3.4,0.3,452.4631926,10.3
Madagascar,2011,63.8,0.97,73,4.24,0.4,454.963464,10.2
Madagascar,2013,64.7,0.87,73,4.15,0.4,461.723722,10.3
Malawi,2013,56.7,0.01,89,11.96,6.3,332.922339,10.7
Malawi,2014,57.6,0.01,87,11.38,5.1,354.7253961,10.7
Malawi,2012,55.3,0.01,95,12.6,8.3,374.51882,10.7
Malawi,2010,52.9,1.08,86,11.5,13.7,458.8681744,10.2
Malawi,2011,54.1,1.23,97,11.67,11.2,512.125451,10.6
Malaysia,2011,74.3,0.51,96,3.89,0.1,10045.1262,13
Malaysia,2010,74.1,0.49,96,3.99,0.1,9701.356987,12.8
Malaysia,2012,74.5,0.53,97,4.1,0.1,10779.49641,12.9
Malaysia,2013,74.6,0.53,97,4.2,0.1,10882.27842,12.9
Malaysia,2014,74.8,0.52,97,4.17,0.1,11183.96191,13
Maldives,2010,76.7,1.83,97,7.93,0.1,6330.79498,11.6
Maldives,2011,77.3,1.92,96,8.11,0.1,6497.55443,11.8
Maldives,2012,77.6,0.01,99,9.16,0.1,6541.7465,12.1
Maldives,2013,77.9,0.01,99,11.16,0.1,7112.33575,12.4
Maldives,2014,78.2,0.01,99,13.73,0.1,7716.2415,12.7
Mali,2010,56.5,0.6,77,6.35,1.5,708.377632,7.3
Mali,2012,57.2,0.01,72,6.47,1.5,777.3476868,7.7
Mali,2013,57.3,0.01,71,6.58,1.6,777.659139,8
Mali,2014,57.8,0.01,74,6.86,1.6,825.5729915,8.2
Mali,2011,56.8,0.61,72,6.59,1.5,835.88998,7.5
Malta,2010,83,7.91,76,8.3,0.1,21807.79469,14.6
Malta,2012,81,7.67,99,9.95,0.1,21093.8836,14.1
Malta,2013,81.1,8.58,99,9.89,0.1,23903.1888,14.2
Malta,2014,81.4,8.49,99,9.75,0.1,26018.92599,14.3
Malta,2011,87,6.91,96,9.6,0.1,22821.847,14.8
Mauritania,2010,62,0.01,52,3.28,1.2,1203.383675,7.6
Mauritania,2013,62.7,0.01,80,3.63,1.1,1045.57838,8.2
Mauritania,2014,63,0.01,84,3.77,0.9,1326.66882,8.5
Mauritania,2012,62.5,0.01,80,3.36,1.2,1364.283745,7.8
Mauritania,2011,62.2,0.01,73,2.87,1.2,1393.261593,7.7
Mauritius,2010,73.3,2.95,99,5.29,0.2,8000.376432,14
Mauritius,2014,74.2,0.01,98,4.81,0.1,10153.93822,14.7
Mauritius,2011,73.6,3.03,98,5.2,0.1,9197.26972,14.1
Mauritius,2012,73.9,0.01,98,4.76,0.1,9291.227619,14.3
Mauritius,2013,74.1,0.01,98,4.82,0.1,9637.265,14.7
Mexico,2012,76.3,5.29,99,6.21,0.1,9802.532572,12.7
Mexico,2013,76.6,5.23,83,6.3,0.1,12098.86766,12.9
Mexico,2014,76.6,5.26,87,6.3,0.1,14052.27766,13.1
Mexico,2010,75.6,5.21,95,6.39,0.1,8959.581416,12.5
Mexico,2011,76.1,5.3,97,6.4,0.1,9834.472689,12.6
Mongolia,2010,66.3,5.8,96,4.7,0.1,2605.353659,14.3
Mongolia,2011,67.3,0.01,99,4.45,0.1,3769.595255,14.6
Mongolia,2014,68.4,0.01,99,4.73,0.1,4181.583321,14.8
Mongolia,2012,67.8,0.01,99,4.22,0.1,4368.82248,14.7
Mongolia,2013,68.1,0.01,98,4.21,0.1,4385.379355,14.7
Montenegro,2012,75.6,0.01,94,7.25,0.1,6586.71929,15.1
Montenegro,2010,75.3,6.56,93,6.9,0.1,6682.281158,15
Montenegro,2013,75.8,0.01,94,6.43,0.1,7186.429787,15.1
Montenegro,2011,75.4,6.56,95,6.92,0.1,7318.742449,15.1
Montenegro,2014,75.9,0.01,91,6.42,0.1,7378.345289,15.1
Morocco,2012,73.6,0.55,99,6.15,0.1,2904.746728,11.6
Morocco,2011,73.3,0.54,98,5.99,0.1,3039.91616,11.2
Morocco,2010,72.8,0.56,99,5.86,0.1,2834.2472,10.7
Morocco,2013,73.9,0.45,99,5.94,0.1,3111.762887,12.1
Morocco,2014,74.1,0.43,99,5.91,0.1,3154.513484,12.1
Mozambique,2013,55.3,1.16,78,5.9,5.1,605.985681,9.1
Mozambique,2010,54,0.96,73,5.38,10.8,419.2258149,9.3
Mozambique,2011,54.3,0.94,73,6.23,9.6,526.5313517,9.5
Mozambique,2012,54.8,1.19,73,5.58,6.9,566.513873,9.2
Mozambique,2014,56.7,0.01,79,6.98,4.1,623.2871141,9.1
Myanmar,2010,65.4,0.3,79,1.92,0.5,987.7365832,8.8
Myanmar,2013,66.2,0.7,76,2.16,0.4,1168.83947,9.1
Myanmar,2012,65.9,0.55,87,2.22,0.5,1171.58257,9.1
Myanmar,2011,65.6,0.33,79,1.87,0.5,1186.423937,9.1
Myanmar,2014,66.4,0.01,88,2.28,0.3,1262.893782,9.1
Namibia,2011,64.3,7.84,85,8.78,4.7,5006.971392,11.5
Namibia,2010,63,7.58,83,7.89,6.2,5191.58381,11.4
Namibia,2014,65.9,0.01,88,8.93,2.2,5421.343953,11.7
Namibia,2013,66.1,0.01,89,8.53,2.5,5488.131712,11.6
Namibia,2012,65.8,0.01,84,8.24,3.7,5749.44752,11.5
Nepal,2014,69.6,0.01,92,5.8,0.1,706.2386977,12.4
Nepal,2010,68,0.24,83,6.43,0.2,592.1835216,11.1
Nepal,2012,68.9,0.26,92,5.89,0.2,681.7925868,12.3
Nepal,2013,69.3,0.27,92,5.69,0.1,688.6172788,12.3
Nepal,2011,68.4,0.27,92,6.73,0.2,692.1166842,12
Netherlands,2010,88,9.33,97,11.48,0.1,53308.25483,17
Netherlands,2011,81.1,8.96,97,11.53,0.1,53054.6536,17.2
Netherlands,2012,81.1,9.05,97,11.1,0.1,49474.7561,18.1
Netherlands,2013,81.4,8.68,97,11.4,0.1,51574.48942,18.1
Netherlands,2014,81.7,0.01,96,11.9,0.1,52157.4687,18.1
New Zealand,2012,81.1,9.2,93,11.53,0.1,39097.25624,19.5
New Zealand,2014,81.5,9.07,93,11.3,0.1,44053.24673,19.2
New Zealand,2010,89,9.62,93,11.2,0.1,33691.34837,20.3
New Zealand,2011,86,9.47,95,11.24,0.1,38426.5581,19.7
New Zealand,2013,81.3,9.18,92,11.17,0.1,42889.88141,19.3
Nicaragua,2010,73.2,3.38,99,6.58,0.1,1526.497938,11.4
Nicaragua,2011,74.5,3.39,99,6.39,0.1,1682.957924,11.5
Nicaragua,2012,73.9,3.63,99,8.4,0.1,1792.3845,11.5
Nicaragua,2013,73.9,3.58,99,8.43,0.1,1847.19849,11.5
Nicaragua,2014,74.5,3.55,99,9.4,0.1,1975.46477,11.6
Niger,2014,61.4,0.01,67,5.82,0.5,403.646498,5.3
Niger,2010,58.2,0.12,75,6.36,0.9,348.151511,4.5
Niger,2011,59.4,0.15,74,6.66,0.7,375.5819866,4.8
Niger,2012,63,0.01,71,6.11,0.7,391.515524,5.1
Niger,2013,69,0.01,56,5.9,0.6,416.14838,5.3
Nigeria,2010,52,8.9,54,3.47,4.8,2327.3267,9.5
Nigeria,2011,52.3,8.75,48,3.69,4.7,2527.9423,9.6
Nigeria,2012,52.7,8.54,42,3.3,4.4,2755.297787,9.7
Nigeria,2013,53.2,8.3,46,3.7,3.9,2996.96432,9.8
Nigeria,2014,53.6,0.01,49,3.67,3.9,3221.678128,10
Norway,2014,81.6,6.06,93,9.72,0.1,109075.4985,17.7
Norway,2013,81.5,6.21,94,9.39,0.1,102091.435,17.5
Norway,2011,81.1,6.53,94,9.14,0.1,100574.9861,17.6
Norway,2012,81.3,6.21,95,9.16,0.1,110563.727,17.6
Norway,2010,81,6.59,93,9.26,0.1,87646.75346,17.4
Oman,2010,75.6,0.56,99,2.74,0.1,19028.74739,13.5
Oman,2014,76.4,0.4,99,3.55,0.1,24058.45226,13.7
Oman,2011,75.8,0.54,99,2.49,0.1,20986.36,13.6
Oman,2013,76.2,0.46,99,2.76,0.1,21268.7564,13.7
Oman,2012,76,0.51,99,2.52,0.1,22134.916,13.7
Pakistan,2010,65.1,0.04,82,3.2,0.1,1040.142268,7.5
Pakistan,2011,65.5,0.04,75,3.1,0.1,1226.215314,7.5
Pakistan,2012,65.7,0.04,72,2.76,0.1,1261.28967,7.6
Pakistan,2013,66,0.04,72,2.7,0.1,1272.44161,7.7
Pakistan,2014,66.2,0.01,72,2.61,0.1,1316.98966,7.8
Panama,2011,77.3,6.9,91,7.5,0.1,9207.723171,12.9
Panama,2012,77.2,6.95,87,7.25,0.1,10589.82713,12.8
Panama,2010,76.5,6.94,95,8.5,0.1,7937.259931,12.8
Panama,2013,77.5,6.89,81,8.9,0.1,11685.97983,12.9
Panama,2014,77.6,6.74,80,8.3,0.1,12593.7374,13
Papua New Guinea,2011,62,0.88,69,4.94,1,1707.867119,9.9
Papua New Guinea,2013,62.4,0.01,80,4.78,0.8,2209.95364,10
Papua New Guinea,2012,62.2,0.01,81,4.55,1,2071.318741,9.9
Papua New Guinea,2010,61.8,0.79,72,4.18,1.1,1366.879112,9.6
Papua New Guinea,2014,62.7,0.01,64,4.26,0.7,2182.716565,10
Paraguay,2010,73.2,5.65,85,9.1,0.1,3225.591754,12.4
Paraguay,2012,73.6,5.36,83,10.33,0.1,3855.537735,12.3
Paraguay,2011,73.4,5.79,84,9.42,0.1,3988.11894,12.3
Paraguay,2013,73.8,5.03,80,10.49,0.2,4479.95858,12.3
Paraguay,2014,73.9,0.01,83,9.81,0.2,4712.822736,12.3
Peru,2010,73.7,4.72,92,5.3,0.2,5202.493191,13.3
Peru,2011,74.5,4.83,91,4.93,0.2,5771.565878,13.4
Peru,2012,74.9,5.14,94,5.18,0.1,6387.785281,13.4
Peru,2014,75.3,0.01,78,5.47,0.1,6491.5245,13.4
Peru,2013,75.3,5.38,71,5.23,0.1,6583.116248,13.4
Philippines,2013,68.1,4.61,84,4.56,0.1,2706.289146,11.7
Philippines,2010,67.9,4.85,78,4.37,0.1,2129.499242,11.4
Philippines,2011,68,4.96,87,4.29,0.1,2352.518156,11.5
Philippines,2012,68.1,5.02,88,4.46,0.1,2581.818554,11.6
Philippines,2014,68.4,4.52,77,4.71,0.1,2842.938353,11.7
Poland,2013,77.1,11.63,95,6.4,0.1,13078.54911,15.4
Poland,2010,76.3,10.59,96,6.88,0.1,12599.52486,15.1
Poland,2012,76.8,10.81,95,6.62,0.1,13145.1484,15.3
Poland,2011,76.7,10.93,96,6.7,0.1,13893.18768,15.4
Poland,2014,77.3,10.71,94,6.35,0.1,14341.675,16.4
Portugal,2014,89,9.88,98,9.5,0.1,22707.53613,16.8
Portugal,2012,83,11.96,98,9.74,0.1,20577.4264,16.3
Portugal,2013,86,10,98,9.55,0.1,21618.73534,16.3
Portugal,2010,79.6,12.25,97,10.44,0.1,22538.6548,16
Portugal,2011,82,11.92,97,10.7,0.1,23196.18375,16.2
Qatar,2010,77.3,1.16,98,2.9,0.1,73006.22784,12
Qatar,2013,77.9,1.2,99,2.15,0.1,88034.87958,13.4
Qatar,2011,77.5,1.16,92,1.93,0.1,85948.746,12.4
Qatar,2014,78.1,1.15,99,2.19,0.1,86852.7119,13.4
Qatar,2012,77.8,1.13,93,2.16,0.1,88564.82298,13.4
Romania,2014,74.8,0.01,94,5.57,0.1,10200.27733,14.7
Romania,2011,74.3,9.1,89,5.53,0.1,9200.277825,15.7
Romania,2010,73.4,9,94,5.83,0.1,8297.483621,15.8
Romania,2012,74.4,9.58,92,5.48,0.1,8558.39766,15.3
Romania,2013,74.6,9.59,88,5.6,0.1,9585.266593,14.7
Russian Federation,2010,68.4,11.05,98,6.83,0.2,16074.98771,13.7
Russian Federation,2014,73,10.12,97,7.7,0.1,14125.961,14.9
Russian Federation,2011,69.4,11.04,97,6.61,0.3,14212.687,14
Russian Federation,2012,69.6,10.99,98,6.88,0.3,15154.45687,14.3
Russian Federation,2013,70,10.58,98,7.9,0.2,15543.67653,14.6
Rwanda,2014,65.7,8.34,98,7.53,0.4,760.5699517,10.8
Rwanda,2010,62.8,7.92,93,7.91,2.3,563.491487,10
Rwanda,2011,63.8,8.34,93,7.71,1.3,617.317648,10.2
Rwanda,2012,64.6,8.34,98,7.68,0.7,678.796973,10.5
Rwanda,2013,65.2,8.34,98,7.69,0.5,688.8768557,10.8
Samoa,2010,72.6,3.01,57,5.7,0.1,3453.487434,12.9
Samoa,2011,73,2.15,60,5.8,0.1,3942.9827,12.9
Samoa,2014,73.8,0.01,58,7.22,0.1,4178.973369,12.9
Samoa,2013,73.6,0.01,62,6.91,0.1,4219.65123,12.9
Samoa,2012,73.2,0.01,62,5.2,0.1,4234.554443,12.9
Sao Tome and Principe,2011,66.6,5.69,96,5.44,0.5,1304.326189,10.6
Sao Tome and Principe,2012,66.9,0.01,96,8.6,0.5,1038.949959,10.8
Sao Tome and Principe,2010,66.2,5.58,98,5.24,0.5,1129.754961,10.6
Sao Tome and Principe,2013,67.1,0.01,97,9.76,0.2,1619.532678,11
Sao Tome and Principe,2014,67.3,0.01,95,8.35,0.2,1821.878734,11.1
Saudi Arabia,2011,73.9,0.09,98,3.57,0.1,23707.74739,13.9
Saudi Arabia,2012,74.1,0.09,98,3.86,0.1,25033.9462,14.5
Saudi Arabia,2010,73.7,0.09,98,3.49,0.1,19259.58726,13.3
Saudi Arabia,2014,74.4,0.09,98,4.68,0.1,24575.434,15.8
Saudi Arabia,2013,74.3,0.09,98,4.25,0.1,24934.38614,15.2
Senegal,2010,64.3,0.28,76,4.62,0.4,110.631377,7.7
Senegal,2011,64.9,0.32,89,4.42,0.4,180.25321,7.9
Senegal,2012,65.6,0.28,83,4.31,0.4,136.4518,8.3
Senegal,2013,66,0.26,89,4.51,0.3,148.912351,8.7
Senegal,2014,66.4,0.26,85,4.66,0.3,152.443873,9.1
Serbia,2014,75.4,9.09,93,10.37,0.1,6200.173221,14.3
Serbia,2010,74.4,9.65,91,10.9,0.1,5411.87744,13.6
Serbia,2012,74.9,9.38,93,9.89,0.1,5659.3824,14
Serbia,2013,75.3,9.16,97,10.12,0.1,6353.826383,14.1
Serbia,2011,74.6,9.56,94,9.72,0.1,6423.291783,13.5
Seychelles,2010,72.4,6.51,99,3.59,0.1,10804.68447,13.2
Seychelles,2014,73,0.01,99,3.37,0.1,15570.77892,13.2
Seychelles,2011,72.6,9.72,99,3.38,0.1,12189.9516,13.3
Seychelles,2012,72.7,0.01,98,4.8,0.1,12845.17363,13.5
Seychelles,2013,72.9,0.01,98,3.58,0.1,15687.34795,13.5
Sierra Leone,2010,48.1,3.84,84,11.32,1.6,450.128418,8.7
Sierra Leone,2013,54,0.01,92,11.59,0.8,701.8186998,9.3
Sierra Leone,2014,48.1,0.01,83,11.9,0.6,780.4394757,9.5
Sierra Leone,2011,48.9,3.78,88,11.98,1.3,445.525,8.9
Sierra Leone,2012,49.7,0.01,91,11.24,0.9,561.8984239,9.1
Singapore,2013,82.7,1.83,97,4.53,0.1,56209.18914,15.4
Singapore,2010,82,1.84,96,3.96,0.1,46569.67951,14.5
Singapore,2011,82.2,1.8,96,3.93,0.1,53166.67581,15.2
Singapore,2012,82.5,1.89,97,4.22,0.1,54431.16199,15.4
Singapore,2014,82.9,1.83,96,4.92,0.1,56336.7234,15.4
Slovenia,2014,87,10.46,95,9.23,0.1,24002.67286,17.6
Slovenia,2013,85,9.53,95,9.29,0.1,23015.31799,16.8
Slovenia,2012,82,10.95,96,9.37,0.1,22486.47167,16.8
Slovenia,2010,79.5,10.32,96,9.7,0.1,23437.4722,16.9
Slovenia,2011,79.8,10.61,96,9.8,0.1,24985.24827,17
Solomon Islands,2014,68.8,0.01,94,5.5,0.1,2009.652622,9.6
Solomon Islands,2013,68.8,0.01,99,5.42,0.1,1808.5159,9.5
Solomon Islands,2010,68.3,1.1,94,7.47,0.1,1272.44825,9.3
Solomon Islands,2011,68.5,0.99,99,5.8,0.1,1642.837974,9.4
Solomon Islands,2012,68.7,0.01,99,5.48,0.1,1858.689868,9.4
South Africa,2011,58.9,7.38,69,8.61,8.5,8049.954224,12.8
South Africa,2014,62,7.38,77,8.8,3.7,6479.625659,13
South Africa,2013,69,7.34,73,8.78,4.5,6876.953821,12.8
South Africa,2010,58,7.28,72,8.5,11,7362.76139,12.8
South Africa,2012,59.2,7.38,65,8.79,7.6,7548.163698,12.8
Spain,2014,82.6,0.01,97,9.3,0.1,29006.47225,17.6
Spain,2013,82.4,9.25,96,9.1,0.1,29021.9342,17.5
Spain,2010,81.9,9.78,97,9.56,0.1,30736.228,16.4
Spain,2012,82,9.35,97,9.39,0.1,28562.29324,17.2
Spain,2011,82.1,9.62,97,9.48,0.1,31834.21816,16.9
Sri Lanka,2011,74.5,3.03,99,3.28,0.1,3202.992615,13.6
Sri Lanka,2012,74.5,2.8,99,3.21,0.1,3035.521375,13.7
Sri Lanka,2013,74.6,2.56,99,3.68,0.1,3061.289374,13.8
Sri Lanka,2014,74.7,2.37,99,3.5,0.1,3082.54994,14
Sri Lanka,2010,74.5,2.31,99,3.43,0.1,2819.511161,13.5
Sudan,2010,62.5,1.77,90,7.97,0.3,1476.47887,7
Sudan,2011,62.7,2.12,93,8.3,0.3,1666.857757,7
Sudan,2012,63.2,0.01,92,8.2,0.3,1892.894352,6.8
Sudan,2013,63.5,0.01,93,8.42,0.3,1955.66799,7
Sudan,2014,63.8,0.01,94,8.43,0.3,2176.89829,7.2
Suriname,2010,73,5.26,96,5.81,0.5,8303.31332,12.3
Suriname,2011,76,5.64,86,5.93,0.1,8318.97692,12.5
Suriname,2012,71.3,5.73,84,6.9,0.9,9272.413453,12.7
Suriname,2013,71.2,6.02,86,5.96,0.4,9484.56898,12.7
Suriname,2014,71.4,6.32,85,5.69,0.4,9564.46383,12.7
Swaziland,2010,53.6,4.93,89,8.47,21.6,3690.239336,11
Swaziland,2014,58.4,0.01,98,9.25,7.3,3464.35169,11.4
Swaziland,2013,57.6,0.01,98,9.66,9.8,3598.75972,11.4
Swaziland,2012,56.5,0.01,92,8.76,12.2,3851.51547,11.3
Swaziland,2011,55,5.2,85,8.61,15.7,3934.27325,11.2
Sweden,2010,81.5,7.2,98,9.47,0.1,52076.25591,15.8
Sweden,2014,82.3,7.3,98,11.93,0.1,59018.19898,15.8
Sweden,2013,81.9,7.3,98,11.97,0.1,62803.24522,15.8
Sweden,2012,81.7,7.4,98,11.8,0.1,57134.777,15.8
Sweden,2011,81.7,7.4,98,11.7,0.1,59593.28711,16
Switzerland,2010,82.3,10.01,96,11.7,0.1,74276.71842,15.4
Switzerland,2012,82.7,9.86,96,11.59,0.1,83164.38795,15.7
Switzerland,2013,83,9.73,96,11.71,0.1,84658.88768,15.8
Switzerland,2014,83.2,9.61,96,11.66,0.1,85814.58857,15.9
Switzerland,2011,82.6,9.99,96,11.21,0.1,87998.44468,15.6
Tajikistan,2013,69.3,0.01,97,6.75,0.2,1004.214412,11.2
Tajikistan,2014,69.6,0.01,94,6.88,0.2,1104.45919,11.3
Tajikistan,2010,67.3,0.32,95,6.4,0.2,738.3475227,11.1
Tajikistan,2011,68.1,0.32,97,5.98,0.2,834.5412953,11.1
Tajikistan,2012,68.8,0.01,96,6.39,0.2,954.725253,11.1
Thailand,2010,73.9,5.95,99,3.81,0.2,5075.32176,13.1
Thailand,2011,74.1,6.07,99,4.12,0.2,5491.159981,13.3
Thailand,2012,74.3,6.56,99,4.17,0.1,5859.915622,13.7
Thailand,2014,74.6,6.41,99,4.12,0.1,5941.8471,13.6
Thailand,2013,74.5,6.5,99,4,0.1,6171.262444,13.6
Timor-Leste,2011,67.2,0.5,66,0.76,0.1,1104.56179,12.5
Timor-Leste,2013,67.7,0.01,82,1.29,0.1,1107.765674,12.5
Timor-Leste,2010,66.9,0.1,72,0.92,0.1,849.8626972,12.4
Timor-Leste,2012,67.4,0.01,83,1.1,0.1,1117.77724,12.5
Timor-Leste,2014,68,0.01,76,1.48,0.1,1153.51578,12.5
Togo,2014,59.7,0.01,85,5.25,1,602.1318489,12
Togo,2010,57.4,1.21,83,5.37,3.8,487.9238913,11
Togo,2011,58.3,1.44,85,5.21,2.6,562.3393592,11.5
Togo,2012,58.9,0.01,84,5.11,1.7,563.6894247,12
Togo,2013,59.4,0.01,84,5.12,1.5,579.43485,12
Tonga,2011,72.9,0.96,84,4.6,0.1,4405.18866,14.4
Tonga,2012,73,0.01,79,4.51,0.1,4501.542462,14.4
Tonga,2010,72.8,1.24,84,4.59,0.1,3547.59975,14.4
Tonga,2014,73.3,0.01,82,5.18,0.1,4192.349758,14.3
Tonga,2013,73.2,0.01,84,4.98,0.1,4266.557174,14.3
Trinidad and Tobago,2011,76,6.5,91,5.6,0.4,19503.9767,12.6
Trinidad and Tobago,2013,71,6.71,94,5.98,0.3,19067.83283,12.7
Trinidad and Tobago,2010,74,6.5,91,5.29,0.4,16683.94578,12.5
Trinidad and Tobago,2012,78,6.7,91,5.78,0.4,19152.531,12.6
Trinidad and Tobago,2014,71.1,6.94,94,5.93,0.3,19325.24283,12.7
Tunisia,2010,74.8,1.28,98,6.54,0.1,4104.15177,14.4
Tunisia,2012,74.9,1.3,97,7.18,0.1,4137.55421,14.6
Tunisia,2013,74.9,1.29,98,7.26,0.1,4199.47253,14.7
Tunisia,2011,74.8,1.29,98,7.15,0.1,4256.91279,14.5
Tunisia,2014,75.1,1.39,98,7,0.1,4271.68172,14.7
Turkey,2012,74.8,1.54,97,5.24,0.1,11702.3843,14.3
Turkey,2010,74.2,1.49,97,5.61,0.1,10672.5693,13
Turkey,2011,74.5,1.53,97,5.29,0.1,11341.13395,13.8
Turkey,2014,75.5,1.45,96,5.41,0.1,12127.22522,14.5
Turkey,2013,75.2,1.41,98,5.38,0.1,12542.93565,14.4
Turkmenistan,2013,65.4,2.93,98,2.12,0.1,7304.42525,10.7
Turkmenistan,2010,65.8,2.48,96,1.99,0.1,4439.23,10.6
Turkmenistan,2011,65.6,2.55,97,1.98,0.1,5649.978486,10.6
Turkmenistan,2012,65.6,2.75,98,1.96,0.1,6675.262954,10.7
Turkmenistan,2014,66,2.9,98,2.7,0.1,7962.365824,10.8
Uganda,2011,59.3,10.22,82,9.9,6.8,584.3962137,10.7
Uganda,2010,58.4,10.03,79,11.2,8,594.9972557,10.9
Uganda,2012,60,0.01,82,7.58,4.6,647.74741,10
Uganda,2013,67,0.01,82,7.47,4,662.492293,10
Uganda,2014,61.5,0.01,82,7.22,3.2,719.172669,10
Ukraine,2014,78,8.06,45,7.1,0.2,3104.658296,15.2
Ukraine,2013,71,8.44,72,7.67,0.2,4209.71554,15.2
Ukraine,2010,69.8,8.39,57,7.81,0.2,2965.142365,14.9
Ukraine,2011,75,8.48,54,6.98,0.2,3569.75727,14.9
Ukraine,2012,77,8.44,72,7.47,0.2,3855.42128,15.1
United Arab Emirates,2010,76.2,1.69,94,3.93,0.1,35409.14832,13.3
United Arab Emirates,2013,76.7,1.82,98,3.49,0.1,43035.64268,13.3
United Arab Emirates,2011,76.3,1.73,95,3.7,0.1,44602.3129,13.3
United Arab Emirates,2012,76.5,1.75,96,3.45,0.1,42112.23565,13.3
United Arab Emirates,2014,76.9,1.91,99,3.64,0.1,44449.7435,13.3
Uruguay,2012,76.5,5.77,95,8.74,0.1,15902.6819,15.5
Uruguay,2010,76.3,6.21,95,8.63,0.1,11938.212,15.6
Uruguay,2011,77,5.97,95,8.55,0.1,14166.4998,15.5
Uruguay,2014,76.8,6.03,95,8.58,0.1,16737.89827,15.5
Uruguay,2013,76.8,5.82,94,8.68,0.1,16881.2568,15.5
Uzbekistan,2014,69.2,0.01,99,5.84,0.1,2050.448414,12.1
Uzbekistan,2012,68.8,0.01,99,6.49,0.1,1704.468298,12
Uzbekistan,2013,69.1,0.01,99,6.32,0.1,1907.551233,12
Uzbekistan,2010,68.3,2.73,99,5.34,0.2,1377.8214,11.9
Uzbekistan,2011,68.5,2.83,99,5.65,0.1,1564.966945,12
Vanuatu,2010,71,0.91,66,4.71,0.1,2965.82434,10.8
Vanuatu,2014,71.7,0.01,65,5.2,0.1,3148.36513,10.8
Vanuatu,2012,71.4,0.01,65,3.7,0.1,3158.58688,10.8
Vanuatu,2013,71.6,0.01,65,3.92,0.1,3167.34356,10.8
Vanuatu,2011,71.2,0.85,65,3.85,0.1,3275.91684,10.8
Zambia,2013,63,2.41,74,4.99,4.8,1805.793359,12.5
Zambia,2010,58,2.47,80,4.41,6.8,1463.213573,11.8
Zambia,2011,58.2,2.57,83,4.26,6.3,1644.619672,12
Zambia,2012,59.2,2.59,77,4.91,5.6,1734.93612,12.3
Zambia,2014,61.1,0.01,78,4.99,4.3,1738.8822,12.5
Zimbabwe,2013,58,6.39,95,6.88,6.8,1101.227396,10.4
Zimbabwe,2014,59.2,6.5,92,6.44,6.3,1207.47462,10.3
Zimbabwe,2010,52.4,5.21,89,5.37,15.7,713.63562,10
Zimbabwe,2011,54.9,6,93,6.31,13.3,839.927936,10.1
Zimbabwe,2012,56.6,6.09,95,6.69,8.8,955.648466,9.8
